name,score,evaluate,meta,url,cover_url
Python神经网络编程,9.7,15,"[英]塔里克·拉希德（TariqRashid）,林赐,人民邮电出版社,2018-4,69.00元",https://book.douban.com/subject/30192800/,https://img3.doubanio.com/view/subject/l/public/s29738046.jpg
Fluent Python,9.6,196,"LucianoRamalho,O'ReillyMedia,2015-8-20,USD39.99",https://book.douban.com/subject/26278021/,https://img3.doubanio.com/view/subject/l/public/s27935775.jpg
Data Structures and Algorithms in Python,9.6,44,"MichaelT.Goodrich,RobertoTamassia,MichaelH.Goldwasser,JohnWiley&Sons,2013-7-5,GBP121.23",https://book.douban.com/subject/10607365/,https://img3.doubanio.com/view/subject/l/public/s26262212.jpg
Django By Example,9.5,24,"AntonioMele,PacktPublishing,2015-11-30,GBP28.99",https://book.douban.com/subject/26679450/,https://img3.doubanio.com/view/subject/l/public/s29745882.jpg
流畅的Python,9.4,195,"[巴西]LucianoRamalho,安道,吴珂,人民邮电出版社,2017-5-15,139元",https://book.douban.com/subject/27028517/,https://img3.doubanio.com/view/subject/l/public/s29434304.jpg
Python编程初学者指南,9.4,20,"[美]MichaelDawson,王金兰,人民邮电出版社,2014-10-1",https://book.douban.com/subject/26287445/,https://img1.doubanio.com/view/subject/l/public/s27969839.jpg
"Hands-On Machine Learning with Scikit-Learn and TensorFlow : Concepts, Tools, and Techniques for Building Intelligent Systems",9.4,177,"AurélienGéron,O'ReillyMedia,2017-1-25,USD49.99",https://book.douban.com/subject/26840215/,https://img3.doubanio.com/view/subject/l/public/s28910563.jpg
深度学习之TensorFlow：入门、原理与进阶实战,9.4,16,"李金洪,2018-2",https://book.douban.com/subject/30147782/,https://img3.doubanio.com/view/subject/l/public/s29694906.jpg
Python Cookbook 中文版，第 3 版,9.3,100,"DavidM.Beazley,BrianK.Jones,陈舸,人民邮电出版社,2015-5-1,108.00元",https://book.douban.com/subject/26381341/,https://img3.doubanio.com/view/subject/l/public/s28259942.jpg
Python Cookbook,9.3,97,"DavidBeazley,BrianK.Jones,O'ReillyMedia,2013-5-29,USD49.99",https://book.douban.com/subject/20491078/,https://img3.doubanio.com/view/subject/l/public/s27879964.jpg
Automate the Boring Stuff with Python : Practical Programming for Total Beginners,9.3,71,"AlbertSweigart,NoStarchPress,2015-2-25,USD29.95",https://book.douban.com/subject/26284938/,https://img1.doubanio.com/view/subject/l/public/s27967089.jpg
Python数据科学手册,9.3,20,"JakeVanderPlas,陶俊杰,陈小莉,人民邮电出版社,2018-1-20,109.00元",https://book.douban.com/subject/27667378/,https://img1.doubanio.com/view/subject/l/public/s29667618.jpg
Python 3网络爬虫开发实战,9.3,36,"崔庆才,人民邮电出版社,2018-4,99",https://book.douban.com/subject/30175598/,https://img3.doubanio.com/view/subject/l/public/s29725690.jpg
Two Scoops of Django : Best Practices for Django 1.8,9.3,23,"DanielRoyGreenfeld,AudreyRoyGreenfeld,TwoScoopsPress,2015-5-15,USD44.95",https://book.douban.com/subject/26578004/,https://img1.doubanio.com/view/subject/l/public/s28261977.jpg
Python编程：从入门到实践 : 从入门到实践,9.2,648,"[美]埃里克·马瑟斯,袁国忠,人民邮电出版社,2016-7-1,CNY89.00",https://book.douban.com/subject/26829016/,https://img3.doubanio.com/view/subject/l/public/s28891775.jpg
Learn Python 3 the Hard Way: A Very Simple Introduction to the Terrifyingly Beautiful World of Computers and Code (Zed Shaw's Hard Way Series) : You Will Learn Python 3!,9.2,19,"ZedA.Shaw,Addison,2017-7-7,USD30.74",https://book.douban.com/subject/27094555/,https://img3.doubanio.com/view/subject/l/public/s29500664.jpg
Problem Solving with Algorithms and Data Structures Using Python SECOND EDITION,9.2,64,"BradleyN.Miller,DavidL.Ranum,Franklin,Beedle&Associates,2011-8-22,USD45.00",https://book.douban.com/subject/21325184/,https://img1.doubanio.com/view/subject/l/public/s24931038.jpg
Introduction to Machine Learning with Python,9.2,20,"SarahGuido,AndreasC.Mueller,O'ReillyMedia,2016-5-25,USD49.99",https://book.douban.com/subject/26279609/,https://img1.doubanio.com/view/subject/l/public/s27950858.jpg
Problem Solving with Algorithms and Data Structures Using Python,9.1,33,"BradleyN.Miller,DavidL.Ranum,FranklinBeedle&Associates,2005-9-1,USD45.00",https://book.douban.com/subject/3098386/,https://img3.doubanio.com/view/subject/l/public/s22712854.jpg
Deep Learning with Python,9.1,33,"FrancoisChollet,ManningPublications,2017-10-31,USD49.99",https://book.douban.com/subject/27038207/,https://img1.doubanio.com/view/subject/l/public/s29444148.jpg
Python网络编程（第3版）,9.1,28,"[美]BrandonRhodes,[美]JohnGoerzen,诸豪文,人民邮电出版社,2016-9,79.00元",https://book.douban.com/subject/26869212/,https://img1.doubanio.com/view/subject/l/public/s29028877.jpg
Python编程快速上手 : 让繁琐工作自动化,9.0,278,"斯维加特(AlSweigart),人民邮电出版社,2016-7-1,CNY69.00",https://book.douban.com/subject/26836700/,https://img3.doubanio.com/view/subject/l/public/s29400403.jpg
"Learning Python, 5th Edition",9.0,77,"MarkLutz,O'ReillyMedia,2013-7-6,USD64.99",https://book.douban.com/subject/22139956/,https://img3.doubanio.com/view/subject/l/public/s28281030.jpg
Python 3面向对象编程,9.0,31,"[加]DustyPhillips（达斯帝•菲利普斯）,肖鹏,常贺,石琳,电子工业出版社,2015-6,79.00元",https://book.douban.com/subject/26468916/,https://img1.doubanio.com/view/subject/l/public/s28153549.jpg
Python Data Science Handbook : Tools and Techniques for Developers,9.0,32,"JakeVanderPlas,O'ReillyMedia,2016-6-25,USD59.99",https://book.douban.com/subject/26600459/,https://img3.doubanio.com/view/subject/l/public/s28284263.jpg
"The Definitive Guide to Django, 2nd Edition : Web Development Done Right",9.0,102,"AdrianHolovaty,JacobKaplan-Moss,Apress,2009-7-1,USD44.99",https://book.douban.com/subject/3617254/,https://img3.doubanio.com/view/subject/l/public/s4538891.jpg
Python Algorithms : Mastering Basic Algorithms in the Python Language,8.9,70,"MagnusLieHetland,Apress,2010-11-24,USD49.99",https://book.douban.com/subject/4915945/,https://img3.doubanio.com/view/subject/l/public/s6999960.jpg
Dive Into Python 3,8.9,29,"MarkPilgrim,CreateSpaceIndependentPublishingPlatform,2010-1-31,USD34.95",https://book.douban.com/subject/4309422/,https://img1.doubanio.com/view/subject/l/public/s4244739.jpg
Programming Collective Intelligence : Building Smart Web 2.0 Applications,8.9,406,"TobySegaran,O'ReillyMedia,2007-8-26,USD39.99",https://book.douban.com/subject/2209702/,https://img3.doubanio.com/view/subject/l/public/s2653941.jpg
集体智慧编程,8.9,116,"西格兰,东南大学出版社,2008-3-1,58.00元",https://book.douban.com/subject/3056375/,https://img3.doubanio.com/view/subject/l/public/s5891850.jpg
集体智慧编程,8.9,62,"TobySegaran,莫映,王开福,电子工业出版社,2015-3,79.00元",https://book.douban.com/subject/26348921/,https://img1.doubanio.com/view/subject/l/public/s28031189.jpg
从Python开始学编程,8.8,70,"Vamei,电子工业出版社,2016-11-24,CNY49.00",https://book.douban.com/subject/26919485/,https://img1.doubanio.com/view/subject/l/public/s29793528.jpg
Beginning Python : From Novice to Professional (Beginning: From Novice to Professio,8.8,46,"MagnusLieHetland,Apress,2005-09-26,USD44.99",https://book.douban.com/subject/1482162/,https://img1.doubanio.com/view/subject/l/public/s4303988.jpg
Pro Python,8.8,36,"MartyAlchin,Apress,2010-06-15,USD49.99",https://book.douban.com/subject/4249385/,https://img3.doubanio.com/view/subject/l/public/s4600203.jpg
零基础入门学习Python,8.8,33,"小甲鱼,清华大学出版社,2016-11-1,CNY49.50",https://book.douban.com/subject/26966433/,https://img3.doubanio.com/view/subject/l/public/s29322545.jpg
深入浅出程序设计（中文版） : 深入浅出程序设计,8.8,36,"PaulBarry,DavidGriffiths,蒋雁翔,童健,东南大学出版社,2012-1,98.00元",https://book.douban.com/subject/10518092/,https://img1.doubanio.com/view/subject/l/public/s9098469.jpg
Python源码剖析 : 深度探索动态语言核心技术,8.7,687,"陈儒,电子工业出版社,2008-6,69.80元",https://book.douban.com/subject/3117898/,https://img3.doubanio.com/view/subject/l/public/s3435132.jpg
Effective Python : 编写高质量Python代码的59个有效方法,8.7,115,"布雷特·斯拉特金（BrettSlatkin）,爱飞翔,机械工业出版社,2016-1,59",https://book.douban.com/subject/26709315/,https://img3.doubanio.com/view/subject/l/public/s28384052.jpg
A Byte of Python,8.7,1075,"SwaroopCH,LuluMarketplace,2008-10-1,USD27.98",https://book.douban.com/subject/5948760/,https://img3.doubanio.com/view/subject/l/public/s4612135.jpg
深入理解 Flask : 掌握用Python创建强大动态Web应用的技术,8.7,46,"[美]JackStouffer,苏丹,电子工业出版社,2016-7-1,79.00",https://book.douban.com/subject/26838547/,https://img1.doubanio.com/view/subject/l/public/s28905747.jpg
Flask Web开发：基于Python的Web应用开发实战,8.7,439,"[美]MiguelGrinberg,安道,人民邮电出版社,2014-12,59.00元",https://book.douban.com/subject/26274202/,https://img3.doubanio.com/view/subject/l/public/s27906700.jpg
Python Tutorial,8.7,190,"GuidoVanRossum,FredL.Drake,Jr(editor),IuniverseInc,April2000,USD12.95",https://book.douban.com/subject/3142908/,https://img3.doubanio.com/view/subject/l/public/s4251645.jpg
像计算机科学家一样思考Python (第2版),8.7,41,"[美]艾伦B.唐尼,赵普明,人民邮电出版社,2016-7,49.00",https://book.douban.com/subject/26870407/,https://img3.doubanio.com/view/subject/l/public/s29031253.jpg
Python for Informatics : Exploring Information,8.7,95,"Dr.CharlesRSeverance,CreateSpaceIndependentPublishingPlatform,2013-9-2,USD9.99",https://book.douban.com/subject/25892709/,https://img1.doubanio.com/view/subject/l/public/s27289138.jpg
Think Python : An Introduction to Software Design: How To Think Like A Computer,8.7,31,"AllenB.Downey,CreateSpace,2009-02-27,USD22.95",https://book.douban.com/subject/3666230/,https://img3.doubanio.com/view/subject/l/public/s3723622.jpg
面向ArcGIS的Python脚本编程,8.7,14,"[美]PaulA.Zandbergen赞德伯根,李明巨刘昱君,陶旸张磊,人民邮电出版社,2014-10-1,CNY49.00",https://book.douban.com/subject/26290313/,https://img3.doubanio.com/view/subject/l/public/s27984651.jpg
Think Python : How to Think Like a Computer Scientist,8.7,32,"AllenB.Downey,O'ReillyMedia,2015-12-28,USD44.99",https://book.douban.com/subject/26634683/,https://img3.doubanio.com/view/subject/l/public/s28369222.jpg
Python网络爬虫从入门到实践,8.7,13,"唐松,陈智铨,机械工业出版社,2017-9-1",https://book.douban.com/subject/27138747/,https://img3.doubanio.com/view/subject/l/public/s29542423.jpg
Hello World! Computer Programming for Kids and Other Beginners,8.7,38,"WarrenSande,CarterSande,ManningPublications,2009-5-5,USD34.99",https://book.douban.com/subject/3120623/,https://img3.doubanio.com/view/subject/l/public/s5616055.jpg
Open Stack设计与实现,8.7,42,"英特尔开源技术中心,电子工业出版社,2015-5,79.00元",https://book.douban.com/subject/26374647/,https://img3.doubanio.com/view/subject/l/public/s28303240.jpg
Python Cookbook : （第2版）中文版,8.6,336,"AlexMartelli,AnnaRavenscroft,DavidAscher,高铁军,人民邮电出版社,2010-5-1,99.00元",https://book.douban.com/subject/4828875/,https://img3.doubanio.com/view/subject/l/public/s4357883.jpg
学习PYTHON 第三版(英文影印版) : LEARNING PYTHON， 3RD EDITION,8.6,58,"(美国)(Lutz.M.)卢茨,东南大学出版社,2008-8-1,88.00元",https://book.douban.com/subject/3243372/,https://img3.doubanio.com/view/subject/l/public/s3339773.jpg
Dive Into Python 3,8.6,172,"MarkPilgrim,Apress,2009-11-6,USD44.99",https://book.douban.com/subject/3628911/,https://img3.doubanio.com/view/subject/l/public/s4059293.jpg
Cython : A Guide for Python Programmers,8.6,11,"KurtW.Smith,O'ReillyMedia,2015-1-31,USD29.99",https://book.douban.com/subject/26250831/,https://img3.doubanio.com/view/subject/l/public/s28265042.jpg
High Performance Python : Practical Performant Programming for Humans,8.6,33,"MichaGorelick,IanOzsvald,O'ReillyMedia,2014-9-10,USD39.99",https://book.douban.com/subject/24641620/,https://img3.doubanio.com/view/subject/l/public/s28265052.jpg
Python Essential Reference : 4th Edition. Developer's Library,8.6,47,"DavidM.Beazley,Addison-WesleyProfessional,2009-07-19,USD49.99",https://book.douban.com/subject/3273420/,https://img3.doubanio.com/view/subject/l/public/s4248812.jpg
"Python for Data Analysis : Data Wrangling with Pandas, NumPy, and IPython",8.6,29,"WesMcKinney,O'ReillyMedia,2017-9-25,USD49.99",https://book.douban.com/subject/27011335/,https://img3.doubanio.com/view/subject/l/public/s29416955.jpg
The Definitive Guide to Django : Web Development Done Right,8.6,159,"AdrianHolovaty,JacobKaplan-Moss,Apress,2007-12-06,CAD45.14",https://book.douban.com/subject/1798896/,https://img3.doubanio.com/view/subject/l/public/s3021613.jpg
利用Python进行数据分析,8.5,763,"WesMcKinney,唐学韬,机械工业出版社,2013-11-18,89.00",https://book.douban.com/subject/25779298/,https://img3.doubanio.com/view/subject/l/public/s27275372.jpg
父与子的编程之旅 : 与小卡特一起学Python,8.5,131,"桑德(WarrenSande),桑德(CarterSande),苏金国,易郑超,人民邮电出版社,2014-10-1,CNY69.00",https://book.douban.com/subject/26005639/,https://img3.doubanio.com/view/subject/l/public/s28825823.jpg
Selenium 2自动化测试实战 : 基于Python语言,8.5,59,"虫师,电子工业出版社,2016-1-1,CNY59.00",https://book.douban.com/subject/26713240/,https://img3.doubanio.com/view/subject/l/public/s28704392.jpg
How to Think Like a Computer Scientist: Learning with Python,8.5,137,"AllenB.Downey,JeffreyElkner,ChrisMeyers,GreenTeaPress,2002-1-4,USD24.95",https://book.douban.com/subject/1481058/,https://img3.doubanio.com/view/subject/l/public/s1498716.jpg
程序设计导论 : Python语言实践,8.5,12,"罗伯特·塞奇威克(RobertSedgewick),凯文·书恩(KevinWayne),罗伯特·唐德罗(RobertDondero),江红,余青松,机械工业出版社,2016-11-1,CNY79.00",https://book.douban.com/subject/26927659/,https://img3.doubanio.com/view/subject/l/public/s29193691.jpg
"Beginning Python : From Novice to Professional, Second Edition",8.5,42,"MagnusLieHetland,Apress,2008,$45",https://book.douban.com/subject/3205338/,https://img1.doubanio.com/view/subject/l/public/s8365688.jpg
Invent Your Own Computer Games With Python,8.5,26,"AlSweigart,Albert\Sweigart,2010-5-1,GBP15.74",https://book.douban.com/subject/5363255/,https://img3.doubanio.com/view/subject/l/public/s29624050.jpg
"Learning Python, 5th Edition",8.5,14,"MarkLutz,O'ReillyMedia,2013-6-26,$47.99",https://book.douban.com/subject/24878044/,https://img1.doubanio.com/view/subject/l/public/s26910408.jpg
Python for Everybody : Exploring Data in Python 3,8.5,14,"Dr.CharlesRussellSeverance,CreateSpaceIndependentPublishingPlatform,2016-4-9,USD9.99",https://book.douban.com/subject/26914378/,https://img3.doubanio.com/view/subject/l/public/s29149564.jpg
Python Cookbook,8.5,15,"AlexMartelli,DavidAscher,O'Reilly,2002",https://book.douban.com/subject/2085477/,https://img3.doubanio.com/view/subject/l/public/s2413354.jpg
与孩子一起学编程,8.5,340,"[美]桑德WarrenSande,CarterSande,苏金国,姚曜等,人民邮电出版社,2010-11,65.00元",https://book.douban.com/subject/5338024/,https://img3.doubanio.com/view/subject/l/public/s4518521.jpg
Machine Learning in Action,8.5,171,"PeterHarrington,ManningPublications,2012-4-19,GBP29.99",https://book.douban.com/subject/6962285/,https://img3.doubanio.com/view/subject/l/public/s9015252.jpg
Learning Scrapy,8.5,23,"DimitriosKouzis-Loukas,PacktPublishing-ebooksAccount,2016-1-30,USD34.99",https://book.douban.com/subject/26708820/,https://img1.doubanio.com/view/subject/l/public/s28431839.jpg
Bayesian Methods for Hackers : Probabilistic Programming and Bayesian Methods,8.5,11,"CameronDavidson-Pilon,Addison-WesleyProfessional,2015-5-10,USD39.99",https://book.douban.com/subject/26284941/,https://img3.doubanio.com/view/subject/l/public/s27967092.jpg
Python语言及其应用 : Python语言及其应用,8.4,121,"[美]BillLubanovic,丁嘉瑞,梁　杰,禹常隆,人民邮电出版社,2016-1,79.00元",https://book.douban.com/subject/26675127/,https://img3.doubanio.com/view/subject/l/public/s28352586.jpg
Python标准库,8.4,122,"DougHellmann,刘炽,机械工业出版社华章公司,2012-6-15,139.00元",https://book.douban.com/subject/10773324/,https://img3.doubanio.com/view/subject/l/public/s10245980.jpg
"Python for Data Analysis : Data Wrangling with Pandas, NumPy, and IPython",8.4,182,"WesMcKinney,O'ReillyMedia,2012-11-1,USD39.99",https://book.douban.com/subject/10760444/,https://img1.doubanio.com/view/subject/l/public/s29487687.jpg
Data Science from Scratch : First Principles with Python,8.4,30,"JoelGrus,O'ReillyMedia,2015-4-28,USD39.99",https://book.douban.com/subject/26364377/,https://img1.doubanio.com/view/subject/l/public/s28661517.jpg
Learn Python the Hard Way : A Very Simple Introduction to the Terrifyingly Beautiful World o,8.4,348,"ZedA.Shaw,Addison-WesleyProfessional,2013-10-11,USD39.99",https://book.douban.com/subject/11941213/,https://img3.doubanio.com/view/subject/l/public/s28015604.jpg
Python Cookbook,8.4,223,"AlexMartelli,AnnaRavenscroft,DavidAscher,O'ReillyMedia,2005-3-18,USD49.95",https://book.douban.com/subject/1418172/,https://img3.doubanio.com/view/subject/l/public/s4594606.jpg
Think Python : How to Think Like a Computer Scientist,8.4,216,"AllenB.Downey,O'ReillyMedia,2012-8-23,GBP29.99",https://book.douban.com/subject/10779534/,https://img3.doubanio.com/view/subject/l/public/s29586154.jpg
深入浅出Python（影印版）,8.4,59,"PaulBarry,东南大学出版社,2011-5,88.00元",https://book.douban.com/subject/6892016/,https://img1.doubanio.com/view/subject/l/public/s8851709.jpg
"Learning Python, 3rd Edition",8.4,200,"MarkLutz,O'ReillyMedia,Inc.,2007-10-22,USD39.99",https://book.douban.com/subject/2295097/,https://img3.doubanio.com/view/subject/l/public/s3213846.jpg
Web Scraping with Python : Collecting Data from the Modern Web,8.4,108,"RyanMitchell,O'ReillyMedia,2015-7-24,USD31.99",https://book.douban.com/subject/26284925/,https://img1.doubanio.com/view/subject/l/public/s28279508.jpg
Rapid GUI Programming with Python and Qt : The Definitive Guide to PyQt Programming (Prentice Hall Open Sou,8.4,65,"MarkSummerfield,PrenticeHall,2007-10-18,GBP39.99",https://book.douban.com/subject/3053232/,https://img3.doubanio.com/view/subject/l/public/s3936330.jpg
Python Machine Learning,8.4,36,"SebastianRaschka,PacktPublishing-ebooksAccount,2015-9,USD44.99",https://book.douban.com/subject/26629312/,https://img3.doubanio.com/view/subject/l/public/s28303775.jpg
Introduction to Computation and Programming Using Python : Revised and expanded edition,8.4,31,"JohnV.Guttag,TheMITPress,2013-7,USD25.00",https://book.douban.com/subject/22925199/,https://img3.doubanio.com/view/subject/l/public/s27119476.jpg
Programming Computer Vision with Python : Tools and algorithms for analyzing images,8.4,18,"JanErikSolem,O'ReillyMedia,2012-6-22,USD39.99",https://book.douban.com/subject/10574101/,https://img3.doubanio.com/view/subject/l/public/s9040411.jpg
"Python Crash Course : A Hands-On, Project-Based Introduction to Programming",8.4,31,"EricMatthes,NoStarchPress,2015-11-1,USD39.95",https://book.douban.com/subject/26284937/,https://img3.doubanio.com/view/subject/l/public/s29606835.jpg
Introduction to Computation and Programming Using Python,8.4,16,"JohnV.Guttag,TheMITPress,2013-1-18,USD25.00",https://book.douban.com/subject/20437815/,https://img1.doubanio.com/view/subject/l/public/s26845957.jpg
Making Games with Python & Pygame,8.4,13,"AlSweigart,CreateSpaceIndependentPublishingPlatform,2012-1-12,USD25.01",https://book.douban.com/subject/10518867/,https://img3.doubanio.com/view/subject/l/public/s10909294.jpg
算法图解,8.4,431,"[美]AdityaBhargava,袁国忠,人民邮电出版社,2017-3,49.00元",https://book.douban.com/subject/26979890/,https://img3.doubanio.com/view/subject/l/public/s29358625.jpg
贝叶斯方法 : 概率编程与贝叶斯推断,8.4,23,"[加]CameronDavidson-Pilon,辛愿,钟黎,欧阳婷,人民邮电出版社,2017-1-1,59.00元",https://book.douban.com/subject/26929874/,https://img1.doubanio.com/view/subject/l/public/s29200427.jpg
Pro Django,8.4,44,"MartyAlchin,Apress,2008-11-24,USD49.99",https://book.douban.com/subject/3086812/,https://img1.doubanio.com/view/subject/l/public/s4244189.jpg
Two Scoops of Django : Best Practices For Django 1.5,8.4,37,"DanielGreenfeld,AudreyM.Roy,CreateSpaceIndependentPublishingPlatform,2013-4-16,USD29.95",https://book.douban.com/subject/24246865/,https://img3.doubanio.com/view/subject/l/public/s27190405.jpg
Think Bayes,8.4,23,"AllenB.Downey,O'ReillyMedia,2013-10-4,USD29.99",https://book.douban.com/subject/25723956/,https://img3.doubanio.com/view/subject/l/public/s27067191.jpg
"Practical Django Projects, Second Edition",8.4,13,"JamesBennett,Apress,2009,44.99",https://book.douban.com/subject/3817202/,https://img3.doubanio.com/view/subject/l/public/s3853835.jpg
Deep Learning with Keras,8.4,11,"AntonioGulli,SujitPal,PacktPublishing-ebooksAccount,2017-5-4,USD49.99",https://book.douban.com/subject/27036791/,https://img3.doubanio.com/view/subject/l/public/s29442546.jpg
"Django入门教程
[豆瓣阅读作品]",8.4,206,"〔美〕Django社区,2013-03-11,0.00元",https://read.douban.com/ebook/284513/?dcs=book-search,https://img3.doubanio.com/view/ark_article_cover/retina/public/284513.jpg?v=1395395652.0
"Expert Python Programming : Best practices for designing, coding, and distributing your Pyth",8.3,74,"TarekZiadé,PacktPublishing,2008-9-26,USD44.99",https://book.douban.com/subject/3285148/,https://img3.doubanio.com/view/subject/l/public/s29690103.jpg
Flask Web Development : Developing Web Applications with Python,8.3,102,"MiguelGrinberg,O'ReillyMedia,2014-5-25,USD24.99",https://book.douban.com/subject/25814739/,https://img1.doubanio.com/view/subject/l/public/s27205547.jpg
Effective Python : 59 Specific Ways to Write Better Python,8.3,58,"BrettSlatkin,Addison-WesleyProfessional,2015-3-8,USD39.99",https://book.douban.com/subject/26312313/,https://img3.doubanio.com/view/subject/l/public/s28008426.jpg
Python编程（第三版·英文影印版）,8.3,167,"MarkLutz,东南大学出版社,2006,138.00元",https://book.douban.com/subject/1915868/,https://img3.doubanio.com/view/subject/l/public/s2396946.jpg
Natural Language Processing with Python : Analyzing Text with the Natural Language Toolkit,8.3,142,"StevenBird,EwanKlein,EdwardLoper,O'ReillyMedia,2009-7-10,USD44.99",https://book.douban.com/subject/3696989/,https://img3.doubanio.com/view/subject/l/public/s3751041.jpg
趣学Python编程,8.3,74,"JasonBriggs,尹哲,人民邮电出版社,2014-3,45.00元",https://book.douban.com/subject/25837145/,https://img3.doubanio.com/view/subject/l/public/s29754755.jpg
Building Machine Learning Systems with Python,8.3,35,"WilliRichert,LuisPedroCoelho,PacktPublishing,2013-7-26,USD49.99",https://book.douban.com/subject/24669811/,https://img1.doubanio.com/view/subject/l/public/s27163799.jpg
Learn Python the Hard Way : 2nd Edition,8.3,117,"ZedShaw,ExampleProductManufacturer,2011",https://book.douban.com/subject/10486432/,https://img1.doubanio.com/view/subject/l/public/s7664108.jpg
"Python in a Nutshell, Second Edition : in a Nutshell",8.3,51,"AlexMartelli,O'ReillyMedia,2006-7-24,USD39.99",https://book.douban.com/subject/1845309/,https://img3.doubanio.com/view/subject/l/public/s4570424.jpg
"Test-Driven Development with Python : Obey the Testing Goat: Using Django, Selenium, and JavaScript",8.3,24,"HarryJ.W.Percival,O'ReillyMedia,2014-6-29,USD44.99",https://book.douban.com/subject/24089005/,https://img3.doubanio.com/view/subject/l/public/s27315134.jpg
Python学习手册 : （第3版）,8.2,848,"MarkLutz,侯靖,机械工业出版社,2009-8,89.00元",https://book.douban.com/subject/3948354/,https://img1.doubanio.com/view/subject/l/public/s3952568.jpg
Python入门经典 : 以解决计算问题为导向的Python编程实践,8.2,86,"(美)WilliamF.Punch,RichardEnbody,张敏,机械工业出版社,2012-8-1,79.00元",https://book.douban.com/subject/11610789/,https://img3.doubanio.com/view/subject/l/public/s11430346.jpg
"学习Python : Learning Python, Second Edition",8.2,127,"MarkLutz,DavidAscher,东南大学出版社,2005年6月,68.00元",https://book.douban.com/subject/1426816/,https://img3.doubanio.com/view/subject/l/public/s1436455.jpg
Dive Into Python,8.2,1105,"MarkPilgrim,Apress,2004-11-5,GBP31.49",https://book.douban.com/subject/1440658/,https://img3.doubanio.com/view/subject/l/public/s29694522.jpg
Python自然语言处理,8.2,164,"(英)伯德,(英)克莱因,(美)洛普,东南大学出版社,2010-6,64.00元",https://book.douban.com/subject/5336893/,https://img1.doubanio.com/view/subject/l/public/s6237088.jpg
Learning Python : Powerful Object-Oriented Programming,8.2,207,"MarkLutz,O'ReillyMedia,2009-10-9,USD54.99",https://book.douban.com/subject/3988517/,https://img1.doubanio.com/view/subject/l/public/s10347319.jpg
Python Pocket Reference : Python in Your Pocket,8.2,17,"MarkLutz,O'ReillyMedia,2009-10-15,USD14.99",https://book.douban.com/subject/4074478/,https://img3.doubanio.com/view/subject/l/public/s11104733.jpg
Python for Kids : A Playful Introduction to Programming,8.2,28,"JasonR.Briggs,NoStarchPress,2012-12-22,USD34.95",https://book.douban.com/subject/6962113/,https://img1.doubanio.com/view/subject/l/public/s24518778.jpg
Python数据分析实战,8.2,21,"【意】内利,杜春晓,人民邮电出版社,2016-8-1,CNY59.00",https://book.douban.com/subject/26854249/,https://img3.doubanio.com/view/subject/l/public/s29393076.jpg
Python高手之路 第3版,8.2,12,"JulienDanjou,王飞龙,人民邮电出版社,2016-11",https://book.douban.com/subject/26932642/,https://img3.doubanio.com/view/subject/l/public/s29302111.jpg
Python数据分析,8.2,19,"麦金尼(WesMcKinney),东南大学出版社,2013-5-1,CNY74.00",https://book.douban.com/subject/26274624/,https://img3.doubanio.com/view/subject/l/public/s27909013.jpg
像计算机科学家一样思考Python,8.1,168,"(美)AllenB.Downey,赵普明,人民邮电出版社,2013-8,49",https://book.douban.com/subject/25728189/,https://img3.doubanio.com/view/subject/l/public/s27053465.jpg
Python编程 第4版 影印版 上下册 : Python编程,8.1,15,"鲁兹,东南大学出版社,2011-5,148.00元",https://book.douban.com/subject/6710638/,https://img3.doubanio.com/view/subject/l/public/s6774835.jpg
"Learning Python, 4th Edition, Ebook : Powerful Object-Oriented Programming",8.1,37,"MarkLutz,O'ReillyMedia,2009-9",https://book.douban.com/subject/4082016/,https://img3.doubanio.com/view/subject/l/public/s4014801.jpg
Python 3 Object Oriented Programming,8.1,16,"DustyPhillips,Packt,2010,£21.99",https://book.douban.com/subject/4823621/,https://img1.doubanio.com/view/subject/l/public/s4351127.jpg
Python科学计算(第2版),8.1,23,"张若愚,清华大学出版社,2016-4-29,118",https://book.douban.com/subject/26784317/,https://img3.doubanio.com/view/subject/l/public/s28746611.jpg
The Hitchhiker's Guide to Python : Best Practices for Development,8.1,33,"KennethReitz,TanyaSchlusser,O'ReillyMedia,2016-8-25,USD24.99",https://book.douban.com/subject/26791779/,https://img3.doubanio.com/view/subject/l/public/s28714510.jpg
机器学习实战,8.1,812,"PeterHarrington,李锐,李鹏,曲亚东,王斌,人民邮电出版社,2013-6,69.00元",https://book.douban.com/subject/24703171/,https://img3.doubanio.com/view/subject/l/public/s26696371.jpg
Machine Learning : An Algorithmic Perspective,8.1,19,"StephenMarsland,ChapmanandHall,CRC,2009-4-8,GBP52.99",https://book.douban.com/subject/3887824/,https://img1.doubanio.com/view/subject/l/public/s20084578.jpg
"Learning Website Development with Django : A beginner's tutorial to building web applications, quickly and",8.1,49,"AymanHourieh,PacktPublishing,2008-4-11,USD39.99",https://book.douban.com/subject/3086810/,https://img3.doubanio.com/view/subject/l/public/s28303805.jpg
GAE编程指南,8.1,42,"DanSanderson,唐学韬,何继业,机械工业出版社华章公司,2010-12-1,65.00元",https://book.douban.com/subject/5380976/,https://img3.doubanio.com/view/subject/l/public/s4552843.jpg
Programming Google App Engine : Build and Run Scalable Web Apps on Google's Infrastructure,8.1,26,"DanSanderson,O'ReillyMedia,2009-11-30,USD44.99",https://book.douban.com/subject/3807431/,https://img1.doubanio.com/view/subject/l/public/s6995028.jpg
Ansible : Up and Running,8.1,32,"LorinHochstein,O'ReillyMedia,2015-5-24,CAD41.99",https://book.douban.com/subject/26295827/,https://img3.doubanio.com/view/subject/l/public/s27978425.jpg
The Definitive Guide to Pylons,8.1,23,"JamesGardner,Apress,2008,USD46.99",https://book.douban.com/subject/3142778/,https://img3.doubanio.com/view/subject/l/public/s3375280.jpg
Python基础教程,8.0,1650,"MagnusLieHetland,司维,曾军崴,谭颖华,人民邮电出版社,2010-7,69.00元",https://book.douban.com/subject/4866934/,https://img3.doubanio.com/view/subject/l/public/s4387251.jpg
"Learn Python The Hard Way, 1st Edition",8.0,265,"ZedShaw,Lulu.com,2010,$29.99",https://book.douban.com/subject/5363753/,https://img3.doubanio.com/view/subject/l/public/s4537256.jpg
Head First Python,8.0,231,"PaulBarry,O'ReillyMedia,2010-11-30,USD49.99",https://book.douban.com/subject/5310233/,https://img3.doubanio.com/view/subject/l/public/s4547160.jpg
Python高手之路,8.0,85,"JulienDanjou,王飞龙,人民邮电出版社,2015-5,49.00元",https://book.douban.com/subject/26389274/,https://img3.doubanio.com/view/subject/l/public/s28072805.jpg
"Core Python Programming : 2nd Edition, Core Series",8.0,153,"WesleyJ.Chun,PrenticeHallPTR,2006-09-18,USD49.99",https://book.douban.com/subject/1874839/,https://img1.doubanio.com/view/subject/l/public/s4244637.jpg
Python核心编程（第3版）,8.0,103,"[美]WesleyChun,孙波翔,李斌,李晗,人民邮电出版社,2016-5,CNY99.00",https://book.douban.com/subject/26801374/,https://img3.doubanio.com/view/subject/l/public/s28754071.jpg
Python 编程金典,8.0,82,"P.J.Deitel,J.P.Liperi,B.A.Wiedermann,H.M.Deitel,清华大学出版社,2003-6,88.00元",https://book.douban.com/subject/1214355/,https://img3.doubanio.com/view/subject/l/public/s1326052.jpg
Programming Python : 3rd edition,8.0,74,"MarkLutz,O'ReillyMedia,2006-8-30,USD59.99",https://book.douban.com/subject/1797513/,https://img3.doubanio.com/view/subject/l/public/s2976674.jpg
Python Programming : An Introduction to Computer Science,8.0,28,"JohnM.Zelle,FranklinBeedle&Assoc,2003-12,USD40.00",https://book.douban.com/subject/2044249/,https://img3.doubanio.com/view/subject/l/public/s27234143.jpg
Core Python Applications Programming,8.0,14,"WesleyChun,PrenticeHall,2012-3-9,GBP40.99",https://book.douban.com/subject/7069379/,https://img3.doubanio.com/view/subject/l/public/s7990845.jpg
Python for Software Design : How to Think Like a Computer Scientist,8.0,23,"AllenB.Downey,CambridgeUniversityPress,2009,$39.99",https://book.douban.com/subject/3236656/,https://img1.doubanio.com/view/subject/l/public/s3587748.jpg
A Byte of Python,8.0,28,CreateSpaceIndependentPublishingPlatform,https://book.douban.com/subject/26607672/,https://img3.doubanio.com/view/subject/l/public/s28291750.jpg
Mastering Python Regular Expressions,8.0,16,"FélixLópez,VíctorRomero,PacktPublishing-ebooksAccount,2014-2-26,USD24.99",https://book.douban.com/subject/25910720/,https://img3.doubanio.com/view/subject/l/public/s27307953.jpg
Wxpython in Action,8.0,100,"NoelRappin,RobinDunn,ManningPublications,2006-3-1,USD49.95",https://book.douban.com/subject/1482279/,https://img1.doubanio.com/view/subject/l/public/s3880459.jpg
Think Complexity : Complexity Science and Computational Modeling,8.0,41,"AllenB.Downey,O'ReillyMedia,2012-3-12,USD39.99",https://book.douban.com/subject/7159030/,https://img3.doubanio.com/view/subject/l/public/s10310104.jpg
编程风格 : 好代码的逻辑,8.0,20,"[美]CristinaVideiraLopes,顾中磊,人民邮电出版社,2017-8,55.00元",https://book.douban.com/subject/27102599/,https://img3.doubanio.com/view/subject/l/public/s29507161.jpg
Head First Python（中文版） : Head First Python,7.9,517,"巴里（Barry.P.）,林琪等,中国电力出版社,2012-3-1,68.00元",https://book.douban.com/subject/10561367/,https://img3.doubanio.com/view/subject/l/public/s27262723.jpg
"""笨办法""学Python",7.9,487,"肖(ZedA.Shaw),王巍巍,人民邮电出版社,2014-11-1,CNY49.00",https://book.douban.com/subject/26264642/,https://img1.doubanio.com/view/subject/l/public/s27836847.jpg
Python学习手册（第4版）,7.9,434,"[美]MarkLutz,李军,刘红伟,机械工业出版社,2011-4,119.00元",https://book.douban.com/subject/6049132/,https://img3.doubanio.com/view/subject/l/public/s4683230.jpg
Python科学计算,7.9,167,"张若愚,清华大学出版社,2012-1,98.00元",https://book.douban.com/subject/7175280/,https://img1.doubanio.com/view/subject/l/public/s7025859.jpg
Python for Data Analysis,7.9,69,"WeslyMcKinney,O'ReillyMedia,2013-6-16",https://book.douban.com/subject/25717197/,https://img1.doubanio.com/view/subject/l/public/s27033759.jpg
Beginning Game Development with Python and Pygame : From Novice to Professional,7.9,26,"WillMcGugan,Apress,August20,2007,$26.39",https://book.douban.com/subject/2123546/,https://img3.doubanio.com/view/subject/l/public/s2818495.jpg
The Python Standard Library by Example,7.9,26,"DougHellmann,Addison-WesleyProfessional,2011-6-11,USD59.99",https://book.douban.com/subject/6540551/,https://img3.doubanio.com/view/subject/l/public/s6538294.jpg
Programming Python : Powerful Object-Oriented Programming,7.9,23,"MarkLutz,O'ReillyMedia,2011-1-10,USD64.99",https://book.douban.com/subject/4893005/,https://img3.doubanio.com/view/subject/l/public/s29600272.jpg
Python编程第4版,7.9,16,"卢茨(MarkLutz),邹晓,瞿乔,任发科,中国电力出版社,2015-1-1,CNY198.00",https://book.douban.com/subject/26314833/,https://img3.doubanio.com/view/subject/l/public/s28045361.jpg
Python基础教程,7.9,18,"[挪]MagnusLieHetland,袁国忠,人民邮电出版,2018-2-1,CNY99.00",https://book.douban.com/subject/27667375/,https://img3.doubanio.com/view/subject/l/public/s29667615.jpg
Python语言程序设计基础（第2版）,7.9,14,"嵩天,礼欣,黄天羽,高等教育出版社,2017-2,39",https://book.douban.com/subject/27021033/,https://img3.doubanio.com/view/subject/l/public/s29427220.jpg
从零开始学Python网络爬虫,7.9,10,"罗攀,蒋仟,机械工业出版社,2017-10,59",https://book.douban.com/subject/27180929/,https://img3.doubanio.com/view/subject/l/public/s29589841.jpg
Python 3.5从零开始学,7.9,11,"刘宇宙,清华大学出版社,2017-7,59",https://book.douban.com/subject/27179280/,https://img3.doubanio.com/view/subject/l/public/s29587853.jpg
Data Analysis with Open Source Tools : A hands-on guide for programmers and data scientists,7.9,31,"PhilippK.Janert,O'ReillyMedia,2010-11-25,USD39.99",https://book.douban.com/subject/4884975/,https://img3.doubanio.com/view/subject/l/public/s7042194.jpg
Practical Django Projects,7.9,38,"JamesBennett,Apress,2008-6-26,USD44.99",https://book.douban.com/subject/2349542/,https://img1.doubanio.com/view/subject/l/public/s8365689.jpg
寻路大数据 : 海量数据与大规模分析,7.9,21,"MichaelManoochehri,戴志伟,电子工业出版社,2014-11,59.00",https://book.douban.com/subject/26270372/,https://img3.doubanio.com/view/subject/l/public/s27880112.jpg
Python算法教程,7.8,49,"[挪威]MagnusLieHetland赫特兰,凌杰,陆禹淳,顾俊,人民邮电出版社,2016-1-1,69.00元",https://book.douban.com/subject/26699412/,https://img3.doubanio.com/view/subject/l/public/s29632153.jpg
Python数据分析与挖掘实战,7.8,74,"张良均,王路,谭立云,苏剑林,机械工业出版社,2016-1,69.00元",https://book.douban.com/subject/26677686/,https://img3.doubanio.com/view/subject/l/public/s28376942.jpg
编程导论,7.8,47,"[美]JohnV.Guttag,梁杰,人民邮电出版社,2015-4,59.00元",https://book.douban.com/subject/26368668/,https://img1.doubanio.com/view/subject/l/public/s28050499.jpg
Python Web开发：测试驱动方法 : 测试驱动方法,7.8,48,"HarryJ.W.Percival,安道,人民邮电出版社,2015-10,99",https://book.douban.com/subject/26640135/,https://img1.doubanio.com/view/subject/l/public/s28315327.jpg
Python for Finance : Analyze Big Financial Data,7.8,25,"YvesHilpisch,O'ReillyMedia,2014-12-27,USD44.99",https://book.douban.com/subject/25921015/,https://img3.doubanio.com/view/subject/l/public/s28339482.jpg
Python性能分析与优化,7.8,11,"FernandoDoglio,陶俊杰,陈小莉,人民邮电出版社,2016-6-1,45.00元",https://book.douban.com/subject/26819420/,https://img3.doubanio.com/view/subject/l/public/s28825234.jpg
python机器学习,7.8,19,"SebastianRaschka,高明,机械工业出版社,2017-3-15,79",https://book.douban.com/subject/27000110/,https://img1.doubanio.com/view/subject/l/public/s29407827.jpg
Python Linux系统管理与自动化运维,7.8,21,"赖明星,机械工业出版社,2017-9-1,89.00元",https://book.douban.com/subject/27149544/,https://img3.doubanio.com/view/subject/l/public/s29554682.jpg
学习PYTHON—做个有编程能力的设计师 : 面向设计师的编程设计知识系统(PADKS),7.8,12,"江苏凤凰科学技术出版社,2015-1-1,138",https://book.douban.com/subject/26590884/,https://img1.doubanio.com/view/subject/l/public/s28991268.jpg
Web Scraping with Python,7.8,11,"RichardLawson,PacktPublishing-ebooksAccount,2015-10-28,GBP16.99",https://book.douban.com/subject/26386962/,https://img1.doubanio.com/view/subject/l/public/s28302039.jpg
Starting Out with Python,7.8,10,"Gaddis,Tony,Addison-Wesley,2011-3,703.00元",https://book.douban.com/subject/10438000/,https://img3.doubanio.com/view/subject/l/public/s9027795.jpg
Social Network Analysis for Startups : Finding connections on the social web,7.8,15,"MaksimTsvetovat,AlexanderKouznetsov,O'ReillyMedia,2011-10-7,USD24.99",https://book.douban.com/subject/6872849/,https://img3.doubanio.com/view/subject/l/public/s8704305.jpg
Using Google App Engine : Google App Engine,7.8,50,"CharlesSeverance,O'ReillyMedia,2009-5-23,USD29.99",https://book.douban.com/subject/3598510/,https://img1.doubanio.com/view/subject/l/public/s4570409.jpg
命令行中的数据科学,7.8,34,"[荷]JeroenJanssens,王晓伟,刘　峰,人民邮电出版社,2015-5,49.00元",https://book.douban.com/subject/26387975/,https://img1.doubanio.com/view/subject/l/public/s28070349.jpg
全栈数据之门,7.8,21,"任柳江,电子工业出版社,2017-4,79",https://book.douban.com/subject/26998034/,https://img1.doubanio.com/view/subject/l/public/s29402668.jpg
Python核心编程（第二版）,7.7,1455,"[美]WesleyJ.Chun（陳仲才）,CPUG,人民邮电出版社,2008-06,89.00元",https://book.douban.com/subject/3112503/,https://img3.doubanio.com/view/subject/l/public/s3140466.jpg
Python网络数据采集,7.7,273,"米切尔(RyanMitchell),陶俊杰,陈小莉,人民邮电出版社,2016-3-1,CNY59.00",https://book.douban.com/subject/26740503/,https://img1.doubanio.com/view/subject/l/public/s29086659.jpg
Gray Hat Python : Python Programming for Hackers and Reverse Engineers,7.7,33,"JustinSeitz,NoStarchPress,2009-4-23,USD39.95",https://book.douban.com/subject/3434307/,https://img3.doubanio.com/view/subject/l/public/s4259603.jpg
Head First Programming : A learner's guide to programming using the Python language,7.7,71,"DavidGriffiths,PaulBarry,O'ReillyMedia,2009-12-4,USD49.99",https://book.douban.com/subject/4149253/,https://img3.doubanio.com/view/subject/l/public/s4404674.jpg
Python编程实战 : 运用设计模式、并发和程序库创建高质量程序,7.7,57,"[美]MarkSummerfield,爱飞翔,机械工业出版社,2014-8,69.00元",https://book.douban.com/subject/25955274/,https://img3.doubanio.com/view/subject/l/public/s27397566.jpg
PYTHON技术手册,7.7,133,"马特利,东南大学出版社,2006-11,78.00元",https://book.douban.com/subject/2005622/,https://img1.doubanio.com/view/subject/l/public/s3395418.jpg
"The Quick Python Book, Second Edition",7.7,52,"VernonL.Ceder,ManningPublications,2010-1-15,USD39.99",https://book.douban.com/subject/3814402/,https://img3.doubanio.com/view/subject/l/public/s4221250.jpg
Python高级编程（第二版）,7.7,11,"[波兰]MichałJaworski,[法]TarekZiadé,张亮,阿信,人民邮电出版社,2017-9-19,89.00元",https://book.douban.com/subject/27133480/,https://img1.doubanio.com/view/subject/l/public/s29537289.jpg
Introducing Python : Modern Computing in Simple Packages,7.7,28,"BillLubanovic,O'ReillyMedia,Inc.,2014-11-7,USD39.99",https://book.douban.com/subject/24807528/,https://img3.doubanio.com/view/subject/l/public/s28019031.jpg
Python语言在Abaqus中的应用,7.7,11,"曹金凤,王旭春,孔亮,机械工业出版社,2011-8-1,48.00元",https://book.douban.com/subject/6791897/,https://img3.doubanio.com/view/subject/l/public/s28683486.jpg
Python in a Nutshell,7.7,10,"AlexMartelli,O'ReillyMedia,2003-3-13,GBP24.95",https://book.douban.com/subject/1452522/,https://img3.doubanio.com/view/subject/l/public/s29737082.jpg
大型多人在线游戏开发,7.7,71,"亚历山大,史晓明,人民邮电出版社,2006-12,59.00元",https://book.douban.com/subject/1940567/,https://img1.doubanio.com/view/subject/l/public/s24444597.jpg
Django 1.0 Website Development,7.7,12,"AymanHourieh,PacktPublishing,2009-03-10,USD39.99",https://book.douban.com/subject/3644995/,https://img1.doubanio.com/view/subject/l/public/s4250158.jpg
python绝技：运用python成为顶级黑客 : 运用Python成为顶级黑客,7.6,44,"[美]TJO'Connor,崔孝晨,武晓音,电子工业出版社,2016-1,79.00元",https://book.douban.com/subject/26702570/,https://img1.doubanio.com/view/subject/l/public/s28385338.jpg
Python高级编程,7.6,227,"TarekZiadé,姚军,夏海轮,译,人民邮电出版社,2010-1,45.00元",https://book.douban.com/subject/4212921/,https://img3.doubanio.com/view/subject/l/public/s4163751.jpg
Python金融大数据分析,7.6,75,"[德]伊夫·希尔皮斯科,姚军,人民邮电出版社,2015-12,CNY99.00",https://book.douban.com/subject/26670241/,https://img3.doubanio.com/view/subject/l/public/s28358933.jpg
机器学习系统设计,7.6,84,"[德]WilliRichert,LuisPedroCoelho,刘峰,人民邮电出版社,2014-7-1,CNY49.00",https://book.douban.com/subject/25899625/,https://img3.doubanio.com/view/subject/l/public/s27296520.jpg
Python数据挖掘入门与实践,7.6,30,"[澳]RobertLayton,杜春晓,人民邮电出版社,2016-7,59.00元",https://book.douban.com/subject/26826540/,https://img3.doubanio.com/view/subject/l/public/s28850686.jpg
Programming in Python 3 : A Complete Introduction to the Python Language,7.6,13,"MarkSummerfield,Addison-WesleyProfessional,2008-12-26,USD44.99",https://book.douban.com/subject/3320732/,https://img3.doubanio.com/view/subject/l/public/s3387174.jpg
数据结构与算法：Python语言描述,7.6,55,"裘宗燕,机械工业出版社,2016-1,CNY45.00",https://book.douban.com/subject/26702568/,https://img3.doubanio.com/view/subject/l/public/s28388882.jpg
Python for Unix and Linux System Administration,7.6,56,"NoahGift,JeremyJones,O'ReillyMedia,2008-08-22,USD49.99",https://book.douban.com/subject/3033853/,https://img3.doubanio.com/view/subject/l/public/s3355252.jpg
Python Standard Library,7.6,23,"FredrikLundh,O'ReillyMedia,Inc.,2001-05,USD29.95",https://book.douban.com/subject/1725963/,https://img3.doubanio.com/view/subject/l/public/s1512655.jpg
Python语言程序设计 : （英文版）,7.6,16,"（美）Y.DanielLiang,机械工业出版社,2013-3,79.00元",https://book.douban.com/subject/21622482/,https://img3.doubanio.com/view/subject/l/public/s25802261.jpg
Python 2.1宝典,7.6,13,"(美)DavaBrueckStephenTanner,陈河南,王晓娟,等,电子工业出版社,2002-01-01,59.00",https://book.douban.com/subject/1240608/,https://img1.doubanio.com/view/subject/l/public/s1494529.jpg
零基础学Python,7.6,25,"张志强,赵越,机械工业出版社,2015-2,CNY79.00",https://book.douban.com/subject/26414709/,https://img3.doubanio.com/view/subject/l/public/s28097326.jpg
量化交易之路 : 用Python做股票量化分析,7.6,24,"阿布,机械工业出版社,2017-9-1,CNY89.00",https://book.douban.com/subject/27149594/,https://img3.doubanio.com/view/subject/l/public/s29554731.jpg
Foundations of Python Network Programming,7.6,10,"JohnGoerzen,Apress,2004-8-17,USD44.99",https://book.douban.com/subject/1482163/,https://img3.doubanio.com/view/subject/l/public/s7028295.jpg
"Regular Expression Pocket Reference : Regular Expressions for Perl, Ruby, PHP, Python, C, Java and .NE",7.6,11,"TonyStubblebine,O'ReillyMedia,2007-7-25,USD14.99",https://book.douban.com/subject/2363803/,https://img3.doubanio.com/view/subject/l/public/s10271421.jpg
复杂性思考,7.6,80,"AllenB.Downey,张龙,机械工业出版社,2013-5,49.00元",https://book.douban.com/subject/24530461/,https://img3.doubanio.com/view/subject/l/public/s26523313.jpg
Introduction to Tornado,7.6,137,"MichaelDory,AdamParrish,BrendanBerg,O'ReillyMedia,2012-3-28,USD23.99",https://book.douban.com/subject/7906788/,https://img3.doubanio.com/view/subject/l/public/s11120601.jpg
Spark机器学习,7.6,68,"彭特里思(NickPentreath),蔡立宇,黄章帅,周济民,人民邮电出版社,2015-9-1,CNY59.00",https://book.douban.com/subject/26593179/,https://img3.doubanio.com/view/subject/l/public/s28323081.jpg
奔跑吧Ansible,7.6,37,"LorinHochstein,陈尔冬,电子工业出版社,2016-1,79.00",https://book.douban.com/subject/26699570/,https://img3.doubanio.com/view/subject/l/public/s28382936.jpg
21 Recipes for Mining Twitter : Distilling Rich Information from Messy Data,7.6,10,"MatthewA.Russell,O'ReillyMedia,2011-3-10,USD29.99",https://book.douban.com/subject/5988563/,https://img3.doubanio.com/view/subject/l/public/s29618591.jpg
软件开发成功路线图,7.6,15,"埃尔森马迪瑟,初悦欣,亢江妹,机械工业出版社,2010-3,45.00元",https://book.douban.com/subject/4722716/,https://img3.doubanio.com/view/subject/l/public/s6150814.jpg
NLP汉语自然语言处理原理与实践,7.6,12,"郑捷,电子工业出版社,2017-1-1,CNY98.00",https://book.douban.com/subject/26977414/,https://img3.doubanio.com/view/subject/l/public/s29351315.jpg
Python灰帽子 : 黑客与逆向工程师的Python编程之道,7.5,181,"[美]JustinSeitz,丁赟卿译,崔孝晨审校,电子工业出版社,2011-3,39.00元",https://book.douban.com/subject/6025284/,https://img3.doubanio.com/view/subject/l/public/s4676930.jpg
Python UNIX和Linux系统管理指南,7.5,169,"基弗特(Gift,Noab),琼斯(Jones,JeremyM.),杨明华,谭励,机械工业出版社,2009-9,65.00元",https://book.douban.com/subject/4031965/,https://img3.doubanio.com/view/subject/l/public/s6072862.jpg
python黑帽子 : 黑客与渗透测试编程之道,7.5,52,"[美]JustinSeitz,孙松柏,李聪,润秋,电子工业出版社,2015-8-1,55",https://book.douban.com/subject/26590145/,https://img3.doubanio.com/view/subject/l/public/s28274231.jpg
Python计算机视觉编程,7.5,35,"[瑞典]JanErikSolem,朱文涛,袁勇,人民邮电出版社,2014-6-10,69.00",https://book.douban.com/subject/25906843/,https://img3.doubanio.com/view/subject/l/public/s27305520.jpg
真实世界的Python仪器监控 : 数据采集与控制系统自动化,7.5,25,"约翰·休斯,OBPGroup,电子工业出版社,2013-1,89.00元",https://book.douban.com/subject/20773481/,https://img3.doubanio.com/view/subject/l/public/s26599004.jpg
Text Processing in Python,7.5,33,"DavidMertz,Addison-WesleyProfessional,2003-6-12,USD54.99",https://book.douban.com/subject/1748395/,https://img3.doubanio.com/view/subject/l/public/s4304243.jpg
Python Programming : An Introduction to Computer Science 2nd Edition,7.5,16,"JohnZelle,Franklin,Beedle&AssociatesInc,2010-5-18,USD45.00",https://book.douban.com/subject/5407267/,https://img3.doubanio.com/view/subject/l/public/s6384586.jpg
数据科学导论 : Python语言实现,7.5,10,"阿尔贝托·博斯凯蒂,于俊伟,机械工业出版社,2016-8-10,CNY49.00",https://book.douban.com/subject/26901472/,https://img3.doubanio.com/view/subject/l/public/s29318903.jpg
Matplotlib for Python Developers,7.5,21,"SandroTosi,PacktPublishing,2009-11-12,USD44.99",https://book.douban.com/subject/4246969/,https://img3.doubanio.com/view/subject/l/public/s4272120.jpg
Dive Into Python,7.5,17,"MarkPilgrim,CreateSpaceIndependentPublishingPlatform,2009-3-20,USD34.95",https://book.douban.com/subject/3628910/,https://img3.doubanio.com/view/subject/l/public/s4244740.jpg
用Python学编程,7.5,10,"(美)AlanGauld,清华大学出版社,2002-9,32.00元",https://book.douban.com/subject/1100899/,https://img1.doubanio.com/view/subject/l/public/s9770078.jpg
写给程序员的数据挖掘实践指南,7.5,51,"[美]RonZacharski,王斌,人民邮电出版社,2015-10-24,59.00",https://book.douban.com/subject/26652166/,https://img3.doubanio.com/view/subject/l/public/s28327724.jpg
Mastering Machine Learning With scikit-learn,7.5,22,"GavinHackeling,PacktPublishing,2014-10-29,USD40.49",https://book.douban.com/subject/26281221/,https://img3.doubanio.com/view/subject/l/public/s27963294.jpg
贝叶斯思维 : 统计建模的Python学习法,7.4,68,"[美]AllenB.Downey（艾伦·唐尼）,许杨毅,人民邮电出版社,2015-3,49.00",https://book.douban.com/subject/26340992/,https://img3.doubanio.com/view/subject/l/public/s28023092.jpg
可爱的Python,7.4,719,"哲思社区,电子工业出版社,2009-9,55.00元",https://book.douban.com/subject/3884108/,https://img1.doubanio.com/view/subject/l/public/s3901817.jpg
Python语言入门,7.4,239,"[美]MarkLutz,DavidAscber,陈革,冯大辉,中国电力出版社,2001-4,55.00元",https://book.douban.com/subject/1239501/,https://img3.doubanio.com/view/subject/l/public/s1318070.jpg
Python参考手册（第4版）,7.4,156,"DavidM.Beazley,谢俊,杨越,高伟,人民邮电出版社,2010-12,89.00元",https://book.douban.com/subject/5401851/,https://img3.doubanio.com/view/subject/l/public/s4568752.jpg
编写高质量代码：改善Python程序的91个建议,7.4,301,"张颖,赖勇浩,机械工业出版社,2014-6,59.00元",https://book.douban.com/subject/25910544/,https://img3.doubanio.com/view/subject/l/public/s27308066.jpg
OpenCV 3计算机视觉：Python语言实现（原书第2版） : Python语言实现,7.4,23,"JoeMinichino,刘波,苗贝贝,史斌,机械工业出版社,2016-6,49",https://book.douban.com/subject/26816975/,https://img3.doubanio.com/view/subject/l/public/s28902360.jpg
树莓派Python编程指南,7.4,13,"AlexBradbury,BenEverard,王文峰,机械工业出版社,2015-1-16,59",https://book.douban.com/subject/26327820/,https://img1.doubanio.com/view/subject/l/public/s28009848.jpg
Python核心编程,7.4,43,",杨涛,机械工业出版社,2001-8-1,75.00元",https://book.douban.com/subject/1240249/,https://img3.doubanio.com/view/subject/l/public/s1497381.jpg
Python数据可视化编程实战,7.4,22,"IgorMilovanovic,颛清山,人民邮电出版社,2015-5-1,49.00元",https://book.douban.com/subject/26378430/,https://img3.doubanio.com/view/subject/l/public/s28060713.jpg
Python Text Processing with NLTK 2.0 Cookbook,7.4,11,"JacobPerkins,PacktPublishing,2010-11-11,USD39.99",https://book.douban.com/subject/5360347/,https://img1.doubanio.com/view/subject/l/public/s4585017.jpg
Python Web Development with Django,7.4,17,"JeffForcier,PaulBissex,WesleyChun,Addison-WesleyProfessional,2008-11-03,USD49.99",https://book.douban.com/subject/3010430/,https://img1.doubanio.com/view/subject/l/public/s4244528.jpg
Python高性能编程,7.4,10,"【美】戈雷利克（MichaGorelick）,【美】欧日沃尔德（IanOzsvald）,人民邮电出版社,2017-7-1,79",https://book.douban.com/subject/27064848/,https://img3.doubanio.com/view/subject/l/public/s29470644.jpg
"Python in Practice : Create Better Programs Using Concurrency, Libraries, and Pattern",7.4,13,"MarkSummerfield,Addison-WesleyProfessional,2013-8-29,USD39.99",https://book.douban.com/subject/24390228/,https://img3.doubanio.com/view/subject/l/public/s27047856.jpg
21天学通Python,7.4,10,"刘凌霞,郝宁波,吴海涛,电子工业出版社,2016-1,59.80元",https://book.douban.com/subject/26689173/,https://img3.doubanio.com/view/subject/l/public/s28364565.jpg
python入门经典,7.4,11,"KatieCunningham,李军,李强,人民邮电出版社,2014-10-1,39",https://book.douban.com/subject/26378143/,https://img3.doubanio.com/view/subject/l/public/s28060440.jpg
Agile Data Science : Building Data Analytics Applications with Hadoop,7.4,10,"RussellJurney,O'ReillyMedia,2013-10-25,USD39.99",https://book.douban.com/subject/11549313/,https://img3.doubanio.com/view/subject/l/public/s29614702.jpg
Python Web开发实战,7.3,138,"董伟明,电子工业出版社,2016-9-15,105",https://book.douban.com/subject/26852057/,https://img1.doubanio.com/view/subject/l/public/s28994368.jpg
用Python写网络爬虫,7.3,122,"[澳]理查德劳森,李斌,人民邮电出版社,2016-8-1,CNY45.00",https://book.douban.com/subject/26869992/,https://img1.doubanio.com/view/subject/l/public/s29088958.jpg
Practical Programming : An Introduction to Computer Science Using Python,7.3,13,"JenniferCampbell,PaulGries,JasonMontojo,GregWilson,PragmaticBookshelf,2009-6-4,USD32.95",https://book.douban.com/subject/3921592/,https://img3.doubanio.com/view/subject/l/public/s3932323.jpg
Python在Unix和Linux系统管理中的应用,7.3,20,"开明出版社,2009-4,64.00元",https://book.douban.com/subject/3767034/,https://img3.doubanio.com/view/subject/l/public/s3876423.jpg
Learning scikit-learn: Machine Learning in Python,7.3,17,"RaúlGarreta,GuillermoMoncecchi,PacktPublishing,2013-11-25,USD29.99",https://book.douban.com/subject/25804112/,https://img3.doubanio.com/view/subject/l/public/s27193722.jpg
Hello! Python,7.3,11,"AnthonyS.Briggs,ManningPublications,2012-2-23,USD34.99",https://book.douban.com/subject/4724367/,https://img3.doubanio.com/view/subject/l/public/s8993395.jpg
Think Stats,7.3,37,"AllenB.Downey,O'ReillyMedia,2011-7-22,USD29.99",https://book.douban.com/subject/6725483/,https://img3.doubanio.com/view/subject/l/public/s20605514.jpg
Data Science at the Command Line : Facing the Future with Time-Tested Tools,7.3,21,"JeroenJanssens,O'ReillyMedia,2014-10-20,USD39.99",https://book.douban.com/subject/26090543/,https://img1.doubanio.com/view/subject/l/public/s27577779.jpg
大数据技术丛书 : Storm分布式实时计算模式,7.3,17,"吉奥兹(P.TaylorGoetz),奥尼尔(BrianO'Neill),董昭,机械工业出版社,2015-1-1,CNY59.00",https://book.douban.com/subject/26312249/,https://img3.doubanio.com/view/subject/l/public/s28042751.jpg
Practical Computer Vision with SimpleCV : The Simple Way to Make Technology See,7.3,10,"KurtDemaagd,AnthonyOliver,NathanOostendorp,KatherineScott,O'ReillyMedia,2012-5-31,USD24.99",https://book.douban.com/subject/10759537/,https://img3.doubanio.com/view/subject/l/public/s9131205.jpg
Python网络编程基础 : 使用Python构建网络程序的综合指南,7.2,294,"JohnGoerzen,莫迟等,电子工业出版社,2007,68.00元",https://book.douban.com/subject/2152386/,https://img3.doubanio.com/view/subject/l/public/s2604186.jpg
Python计算与编程实践 : Python计算与编程实践·多媒体方法,7.2,23,"（美）MarkGuzdial,（美）BarbaraEricson,王江平,机械工业出版社,2012-7,69.00元",https://book.douban.com/subject/10829316/,https://img3.doubanio.com/view/subject/l/public/s10458143.jpg
爱上Python : 一日精通Python编程,7.2,23,"[新加坡]JamieChan,王磊,人民邮电出版社,2016-6,39.00元",https://book.douban.com/subject/26807339/,https://img1.doubanio.com/view/subject/l/public/s28807549.jpg
Python自然语言处理,7.2,46,"(美)StevenBirdEwanKleinEdwardLoper,张旭,崔阳,刘海平,人民邮电出版社,2014-6-25,89.00",https://book.douban.com/subject/25916599/,https://img3.doubanio.com/view/subject/l/public/s27313176.jpg
"Pro Android Python with SL4A : Writing Android Native Apps Using Python, Lua, and Beanshell",7.2,10,"PaulFerrill,APRESSACADEMIC,2011-6-27,GBP35.99",https://book.douban.com/subject/6787931/,https://img1.doubanio.com/view/subject/l/public/s8317159.jpg
Beginning Python Visualization : Crafting Visual Transformation Scripts,7.2,12,"ShaiVaingast,Apress,2009,USD47.99",https://book.douban.com/subject/3618928/,https://img1.doubanio.com/view/subject/l/public/s7030097.jpg
易学Python,7.2,15,"AnthonyBriggs,王威,袁国忠,人民邮电出版社,2014-4,45.00元",https://book.douban.com/subject/25850261/,https://img3.doubanio.com/view/subject/l/public/s27389591.jpg
Learning IPython for Interactive Computing and Data Visualization,7.2,27,"CyrilleRossant,PacktPublishing,2013-4-25,USD29.99",https://book.douban.com/subject/24525190/,https://img3.doubanio.com/view/subject/l/public/s26385804.jpg
Programming the Semantic Web,7.2,13,"TobySegaran,ColinEvans,JamieTaylor,O'ReillyMedia,Inc.,2009-7-24,USD39.99",https://book.douban.com/subject/3571979/,https://img3.doubanio.com/view/subject/l/public/s4617832.jpg
wxPython 2.8 Application Development Cookbook : Over 80 practical recipes for developing feature-rich applicatio,7.2,10,"CodyPrecord,PacktPublishing,2010-12-8,GBP24.99",https://book.douban.com/subject/5904105/,https://img1.doubanio.com/view/subject/l/public/s29698239.jpg
"从零开始学 Python
[豆瓣阅读作品]",7.2,32,"杨兵,2016-08-15,9.90元",https://read.douban.com/ebook/22129325/?dcs=book-search,https://img3.doubanio.com/view/ark_article_cover/retina/public/22129325.jpg?v=1469267484.0
Foundations of Python Network Programming : The comprehensive guide to building network applications with Py,7.1,30,"JohnGoerzen,TimBower,BrandonRhodes,Apress,2010-12-20,USD54.99",https://book.douban.com/subject/4793807/,https://img3.doubanio.com/view/subject/l/public/s4683255.jpg
Python编程实践,7.1,92,"JenniferCampbell,PaulGries,JasonMontojo,GregWilson,唐学韬,机械工业出版社华章公司,2011-12-31,49.00元",https://book.douban.com/subject/7059900/,https://img3.doubanio.com/view/subject/l/public/s7015911.jpg
Python编程入门（第3版）,7.1,99,"[加]TobyDonaldson,袁国忠,人民邮电出版社,2013-11,39.00",https://book.douban.com/subject/25773122/,https://img1.doubanio.com/view/subject/l/public/s27142477.jpg
Python机器学习及实践 : 从零开始通往Kaggle竞赛之路,7.1,77,"范淼,李超,清华大学出版社,2016-10-1,49元",https://book.douban.com/subject/26886337/,https://img1.doubanio.com/view/subject/l/public/s29078359.jpg
人人都是数据分析师 : Tableau应用实战,7.1,32,"刘红阁,王淑娟,温融冰,人民邮电出版社,2015-11,69.00元",https://book.douban.com/subject/26657923/,https://img3.doubanio.com/view/subject/l/public/s28333251.jpg
Python基础教程（第2版•修订版）,7.0,142,"赫特兰,司维,曾军崴,谭颖华,人民邮电出版社,2014-6-1,CNY79.00",https://book.douban.com/subject/25880388/,https://img3.doubanio.com/view/subject/l/public/s27275344.jpg
Data Structures and Algorithms Using Python,7.0,42,"RanceD.Necaise,Wiley,2010-12-21,730.00元",https://book.douban.com/subject/6789516/,https://img3.doubanio.com/view/subject/l/public/s6862286.jpg
Python爬虫开发与项目实战,7.0,38,"范传辉,机械工业出版社,2017-6,79",https://book.douban.com/subject/27061630/,https://img1.doubanio.com/view/subject/l/public/s29481129.jpg
Python技术参考大全,7.0,24,"MartinC.Brown著、康博译,康博,清华大学出版社,2002-4,54.00",https://book.douban.com/subject/1240831/,https://img3.doubanio.com/view/subject/l/public/s1462185.jpg
MongoDB and Python : Patterns and processes for the popular document-oriented databas,7.0,33,"NiallO'Higgins,O'ReillyMedia,2011-9-30,USD19.99",https://book.douban.com/subject/6851222/,https://img3.doubanio.com/view/subject/l/public/s6960900.jpg
Python与Tkinter编程,7.0,14,"陈文志,国防工业出版社,2002-09-01,66.00元",https://book.douban.com/subject/1241135/,https://img1.doubanio.com/view/subject/l/public/s1457438.jpg
SciPy and NumPy : An Overview for Developers,7.0,61,"EliBressert,O'ReillyMedia,2012-11-22,USD12.99",https://book.douban.com/subject/10561724/,https://img1.doubanio.com/view/subject/l/public/s8985158.jpg
Python编程入门经典,6.9,41,"[美]JamesW.Payne,张春晖,清华大学出版社,2011-7,68.00元",https://book.douban.com/subject/6846632/,https://img3.doubanio.com/view/subject/l/public/s11309882.jpg
Python技术手册(第2版),6.9,26,"AlexMartelli,程胜,杨萍,人民邮电出版社,2010-6,89.00元",https://book.douban.com/subject/4863526/,https://img3.doubanio.com/view/subject/l/public/s4390485.jpg
跟老齐学Python : 从入门到精通,6.9,50,"齐伟编著,电子工业出版社,2016-2,69.00元",https://book.douban.com/subject/26743627/,https://img3.doubanio.com/view/subject/l/public/s28504762.jpg
Python语言程序设计,6.9,17,"[美]梁勇(LangY.D.),李娜,机械工业出版社,2015-4,79.00元",https://book.douban.com/subject/26643589/,https://img3.doubanio.com/view/subject/l/public/s28318952.jpg
数据科学入门,6.9,43,"[美]JoelGrus,高蓉,韩波,人民邮电出版社,2016-3,69.00元",https://book.douban.com/subject/26741078/,https://img1.doubanio.com/view/subject/l/public/s28491488.jpg
Python机器学习 : 预测分析核心算法 Python语言编程教程书籍,6.8,16,"[美]MichaelBowles,沙嬴,李鹏,人民邮电出版社,2016-12,69.00元",https://book.douban.com/subject/26931280/,https://img3.doubanio.com/view/subject/l/public/s29205314.jpg
Python开发技术详解,6.8,72,"周伟,宗杰,机械工业出版社,2009,69.00元",https://book.douban.com/subject/3889005/,https://img3.doubanio.com/view/subject/l/public/s3914264.jpg
"Violent Python : A Cookbook for Hackers, Forensic Analysts, Penetration Testers a",6.8,12,"TJO'Connor,Syngress,2012-11-22,USD49.95",https://book.douban.com/subject/11605108/,https://img1.doubanio.com/view/subject/l/public/s11211647.jpg
零基础学python图文版,6.8,13,"craig.Richardson,王磊,2015-7-1",https://book.douban.com/subject/26607568/,https://img3.doubanio.com/view/subject/l/public/s28294041.jpg
Essential SQLAlchemy,6.8,15,"RickCopeland,O'ReillyMedia,Inc.,2008-06-05,USD34.99",https://book.douban.com/subject/3033852/,https://img3.doubanio.com/view/subject/l/public/s3115821.jpg
Python Testing: Beginner's Guide : An easy and convenient approach to testing your powerful Python,6.7,11,"DanielArbuckle,packt,2009,USD39.99",https://book.douban.com/subject/4136888/,https://img3.doubanio.com/view/subject/l/public/s4056040.jpg
Python项目开发实战（第2版）,6.7,15,"[日]日本BePROUD股份有限公司,支鹏浩,人民邮电出版社,2016-12,79.00元",https://book.douban.com/subject/26931434/,https://img1.doubanio.com/view/subject/l/public/s29205458.jpg
python 程序设计,6.7,12,"[美]DavidI.Schneider,车万翔,机械工业出版社,2016-2,79.00元",https://book.douban.com/subject/26799844/,https://img1.doubanio.com/view/subject/l/public/s28743739.jpg
Python宝典,6.7,12,"杨佩璐,宋强,电子工业出版社,2014-5,79.80元",https://book.douban.com/subject/25887457/,https://img1.doubanio.com/view/subject/l/public/s27283319.jpg
统计思维：程序员数学之概率统计 : 程序员数学之概率统计,6.7,135,"AllenB.Downey,张建锋,陈钢,人民邮电出版社,2013-5,29.00元",https://book.douban.com/subject/24381562/,https://img1.doubanio.com/view/subject/l/public/s26539958.jpg
Twisted Network Programming Essentials,6.7,45,"AbeFettig,O'ReillyMedia,Inc.,2005-10-20,USD29.95",https://book.douban.com/subject/1452125/,https://img3.doubanio.com/view/subject/l/public/s3832445.jpg
MongoDB大数据处理权威指南（第2版）,6.7,13,"(美)豪斯(Hows,D.),王肖峰,清华大学出版社,2015-1,49.80元",https://book.douban.com/subject/26269829/,https://img3.doubanio.com/view/subject/l/public/s27876290.jpg
Raspberry Pi Python编程入门,6.6,13,"SimonMonk,姜斐祚,科学出版社,2014-1-2,38.00",https://book.douban.com/subject/25812006/,https://img3.doubanio.com/view/subject/l/public/s27202034.jpg
Python程序员指南,6.6,11,"杨昆,汪兴东,中国青年出版社,2001-8-1,29.00",https://book.douban.com/subject/1206755/,https://img3.doubanio.com/view/subject/l/public/s1149486.jpg
Storm技术内幕与大数据实践,6.6,17,"陈敏敏,王新春,黄奉线著,人民邮电出版社,2015-5,49",https://book.douban.com/subject/26394556/,https://img3.doubanio.com/view/subject/l/public/s28077175.jpg
虚拟化技术原理与实现 : 虚拟化技术原理与实现,6.6,15,"2012-10,59.00元",https://book.douban.com/subject/19986436/,https://img1.doubanio.com/view/subject/l/public/s25104299.jpg
Lightweight Django,6.6,12,"JuliaElman,MarkLavin,O'ReillyMedia,2014-11-13,USD39.99",https://book.douban.com/subject/26267241/,https://img3.doubanio.com/view/subject/l/public/s27856503.jpg
精通数据科学：从线性回归到深度学习,6.6,43,"唐亘,人民邮电出版社,2018-5-8,99.00元",https://book.douban.com/subject/30217266/,https://img1.doubanio.com/view/subject/l/public/s29763419.jpg
Django Web开发指南 : Python Web Development with Django,6.5,232,"JeffForcier,PaulBissex,徐旭铭,机械工业出版社,2009-5,49.00元",https://book.douban.com/subject/3740086/,https://img3.doubanio.com/view/subject/l/public/s3789820.jpg
Python数据分析基础教程（第2版） : NumPy学习指南,6.5,49,"伊德里斯(IvanIdris),张驭宇,人民邮电出版社,2014-1-1,49.00元",https://book.douban.com/subject/25798462/,https://img1.doubanio.com/view/subject/l/public/s28309238.jpg
征服Python : 语言基础与典型应用,6.4,122,"孙广磊,人民邮电出版社,2007年9月,59.0",https://book.douban.com/subject/2240226/,https://img1.doubanio.com/view/subject/l/public/s2856468.jpg
Python开发实战,6.4,42,"[日]BePROUD股份有限公司,盛荣,人民邮电出版社,2014-6,79.00元",https://book.douban.com/subject/25880219/,https://img3.doubanio.com/view/subject/l/public/s27969054.jpg
Python大战机器学习 : 数据科学家的第一个小目标,6.4,13,"华校专,王正林,电子工业出版社,2017-3,69",https://book.douban.com/subject/26987890/,https://img3.doubanio.com/view/subject/l/public/s29378035.jpg
社交网站的数据挖掘与分析(第2版),6.4,18,"MatthewA.Russell,苏统华,魏通,赵逸雪,王烁行,刘智月,机械工业出版社,2015-1-28,79元",https://book.douban.com/subject/26318405/,https://img3.doubanio.com/view/subject/l/public/s28000202.jpg
敏捷数据科学 : 用Hadoop创建数据分析应用,6.4,23,"[美]RussellJurne,冯文中,朱洪波,电子工业出版社,2014-7,49.00元",https://book.douban.com/subject/25929433/,https://img3.doubanio.com/view/subject/l/public/s27328296.jpg
深度学习原理与TensorFlow实践,6.4,15,"喻俨,莫瑜,王琛,胡振邦,高杰,电子工业出版社,2017-6,79",https://book.douban.com/subject/27038400/,https://img3.doubanio.com/view/subject/l/public/s29444395.jpg
Python 3程序开发指南,6.3,98,"（美）萨默菲尔德,王弘博,孙传庆,人民邮电出版社,2011-2-1,69.00元",https://book.douban.com/subject/5924860/,https://img3.doubanio.com/view/subject/l/public/s4622623.jpg
Opencv Computer Vision with Python,6.2,11,"Howse,Joseph",https://book.douban.com/subject/24669825/,https://img3.doubanio.com/view/subject/l/public/s26518904.jpg
Python网络爬虫实战,6.1,21,"胡松涛,清华大学出版社,2016-12,59.00",https://book.douban.com/subject/26958126/,https://img3.doubanio.com/view/subject/l/public/s29426052.jpg
机器学习实践指南 : 案例应用解析,6.1,41,"麦好,机械工业出版社,2014-4-1,69.00",https://book.douban.com/subject/25879705/,https://img1.doubanio.com/view/subject/l/public/s27310317.jpg
轻量级Django,6.1,16,"茱莉亚·埃尔曼(JuliaElman),马克·拉温(MarkLavin),侯荣涛,吴磊,中国电力出版社;第1版,2016-11-1,35.6",https://book.douban.com/subject/26932863/,https://img1.doubanio.com/view/subject/l/public/s29211459.jpg
Web接口开发与自动化测试 : 基于Python语言,6.0,26,"虫师,电子工业出版社,2017-4,59",https://book.douban.com/subject/27008701/,https://img3.doubanio.com/view/subject/l/public/s29413792.jpg
量化投资：以Python为工具,6.0,19,"蔡立耑,电子工业出版社,2017-2,99",https://book.douban.com/subject/26945535/,https://img3.doubanio.com/view/subject/l/public/s29251523.jpg
PySpark实战指南 : 利用Python和Spark构建数据密集型应用并规模化部署,6.0,10,"TomaszDrabas,DennyLee,栾云杰,陈瑶,刘旭斌,机械工业出版社,2017-11-14,49",https://book.douban.com/subject/27602352/,https://img3.doubanio.com/view/subject/l/public/s29636413.jpg
Python网络编程攻略,5.9,41,"萨卡尔(Dr.M.O.FaruqueSarker),安道,人民邮电出版社,2014-12-1,45.00元",https://book.douban.com/subject/26230343/,https://img3.doubanio.com/view/subject/l/public/s28480936.jpg
Python机器学习实践指南,5.8,10,"库姆斯(AlexanderT.Combs),黄申,人民邮电出版社,2017-5-1,69",https://book.douban.com/subject/27073447/,https://img1.doubanio.com/view/subject/l/public/s29479318.jpg
TensorFlow技术解析与实战,5.8,50,"李嘉璇,人民邮电出版社,2017-6-1,79.00元",https://book.douban.com/subject/27055214/,https://img3.doubanio.com/view/subject/l/public/s29475322.jpg
Python Web开发学习实录 : Python Web开发学习实录,5.7,33,"李勇,王文强,清华大学出版社,2011-10,66.00元",https://book.douban.com/subject/6862113/,https://img3.doubanio.com/view/subject/l/public/s8848654.jpg
精通Python设计模式,5.6,23,"[荷]SakisKasampalis,夏永锋,人民邮电出版社,2016-7,45.00元",https://book.douban.com/subject/26829015/,https://img3.doubanio.com/view/subject/l/public/s28890474.jpg
Python自动化运维 : 技术与最佳实践,5.5,93,"刘天斯,机械工业出版社,2014-11-1,69.00",https://book.douban.com/subject/26258735/,https://img1.doubanio.com/view/subject/l/public/s27804689.jpg
NumPy攻略 : Python科学计算与数据分析,5.3,31,"[印尼]IvanIdris,张崇明,人民邮电出版社,2013-10,49.00",https://book.douban.com/subject/25716519/,https://img3.doubanio.com/view/subject/l/public/s27032915.jpg
Python数据分析 : Python Data Analysis,5.3,14,"[印尼]IvanIdris伊德里斯,韩波,人民邮电出版社,2016-2,59",https://book.douban.com/subject/26731446/,https://img1.doubanio.com/view/subject/l/public/s28470029.jpg
Python高效开发实战,5.2,37,"刘长龙,电子工业出版社,2016-10,89",https://book.douban.com/subject/26902158/,https://img1.doubanio.com/view/subject/l/public/s29120038.jpg
Python游戏编程入门,5.2,14,"哈伯(JonathanS.Harbour),李强,2015-1-1",https://book.douban.com/subject/26311697/,https://img3.doubanio.com/view/subject/l/public/s27993580.jpg
机器学习算法原理与编程实践 : 算法原理与编程实践,5.2,18,"郑捷,电子工业出版社,2015-11,88.00",https://book.douban.com/subject/26667987/,https://img3.doubanio.com/view/subject/l/public/s28380753.jpg
Python袖珍指南,4.9,10,"MarkLutz,侯荣涛,中国电力出版社,2015-1,38.00元",https://book.douban.com/subject/26314843/,https://img3.doubanio.com/view/subject/l/public/s27996641.jpg
Python硬件编程实战,4.8,15,"李茂,机械工业出版社,2015-2,49",https://book.douban.com/subject/26320899/,https://img3.doubanio.com/view/subject/l/public/s28724200.jpg
零起点Python大数据与量化交易,4.7,16,"何海群,电子工业出版社,2017-2,99",https://book.douban.com/subject/26945534/,https://img1.doubanio.com/view/subject/l/public/s29251517.jpg
Keras快速上手：基于Python的深度学习实战,4.7,16,"谢梁,鲁颖,劳虹岚,电子工业出版社,2017-8,79.00",https://book.douban.com/subject/27093647/,https://img3.doubanio.com/view/subject/l/public/s29499730.jpg
精通Python网络爬虫：核心技术、框架与项目实战,4.5,60,"韦玮,机械工业出版社,2017-3,69",https://book.douban.com/subject/26999123/,https://img3.doubanio.com/view/subject/l/public/s29411384.jpg
软件自动化测试开发,2.0,16,"邹辉,电子工业出版社,2017-1,59",https://book.douban.com/subject/26937418/,https://img1.doubanio.com/view/subject/l/public/s29227387.jpg
